{"cameraMode":{"drawMode":0,"name":"Shaded","section":"Shading Mode"},"sceneLighting":false,"audioPlay":false,"sceneViewState":{"m_AlwaysRefresh":false,"showFog":true,"showSkybox":false,"showFlares":true,"showImageEffects":true,"showParticleSystems":true,"showVisualEffectGraphs":true,"m_FxEnabled":false},"in2DMode":false,"pivot":{"x":-13.884520530700684,"y":12.797089576721192,"z":54.935482025146487},"rotation":{"x":-0.006093782838433981,"y":-0.9692652225494385,"z":-0.02341400273144245,"w":0.24572117626667024},"size":3.1609861850738527,"orthographic":false}